tweet_id,user_id,created_at,tweet,username,name,location,tweet_type,replied_to_id,label
1503781651477930000,2921846356,2022-03-15T17:14:19.000Z,@VodafoneUK Thailand feed the penguins #DreamHoliday,giggles1978MR,Maria ğŸ’ğŸ’ğŸ’ğŸ’ğŸ’ğŸ’,United Kingdom,replied_to,1503778049203920000,1
1504760660462390000,754721953806770000,2022-03-18T10:04:33.000Z,@EE Internet is down and I do not have the number associated with it. Can I speak to a human about this please?,Breadgoods,Breadgoods,,replied_to,1504714218402190000,-1
1503846077316980000,41894658,2022-03-15T21:30:19.000Z,"@VodafoneUK Costa Rica.. Get lost in the jungleğŸ˜‚
#DreamHoliday https://t.co/aZQ0D7E720",staceyhillx,Staceyhillx,"england ",replied_to,1503778049203920000,-1
1504867182911580000,163860866,2022-03-18T17:07:50.000Z,@EE if I take out your unlimited data add on on a monthly basis does it renew after a month or on my billing date?,andhealey,Andrew Healey,,Original_tweet,Null,0
1504751440811730000,7117212,2022-03-18T09:27:55.000Z,"@jamesarwallace Hey James. Thanks for taking the time to share this fantastic feedback with us.

Did you manage to catch their names at all? -Michael D",EE,EE,UK,replied_to,1504750828908950000,1
1505484294088640000,20678384,2022-03-20T10:00:00.000Z,"Use auto-correct to finish this sentence and we could surprise you with #VodafoneTreats

Iâ€™m so happy whenâ€¦

#InternationalDayOfHappiness",Vodafone,Vodafone,UK,Original_tweet,Null,1
1505898978772140000,7117212,2022-03-21T13:27:49.000Z,"@woollyvix Good morning, I know how important it is to have a connection you can count on at the moment, so I'm sorry to hear this has been giving you some trouble. 

Let's get this checked out though, is it home broadband you have, or is this through 4G/5G? - Peter",EE,EE,UK,replied_to,1505869644435010000,1
1505206924517780000,1150109430731690000,2022-03-19T15:37:50.000Z,@bt_uk Look up my details and see the notes. Shocking service.,kylrav,Kyle Raven,"Plymouth, England",replied_to,1505150794273800000,-1
1505896619878900000,1278066564881930000,2022-03-21T13:18:27.000Z,"@EE Thanks Tom. Just did that, and it sends me to apple muslic. I sign into my account and still the same. The 6 month offer isnt linked to my account.",HAhmed1982,Hamza Ahmed,,replied_to,1505895491292340000,-1
1505659939808760000,1073518271394130000,2022-03-20T21:37:58.000Z,"@bt_uk ur wifi literally makes me so depressed - id be apex pred level SO EASY, the only thing holding me back is ur wifi - the singular reason that lets u call ur broadband â€œfibreâ€ is the similarity between the wifi and these steaming, fibrous logs im laying on the daily",BistoSkids,bisto papi,"ur mothers king sized bed ",replied_to,1505655419418650000,-1
1504868947488820000,2180432083,2022-03-18T17:14:50.000Z,"@VodafoneUK Yay!! Iâ€™m going down under to Australia ğŸ‡¦ğŸ‡º to feed the penguins ğŸ§
#DreamHoliday",kazweedon,ğŸ€ ğ’¦ğ’¶ğ“ ğŸ€,"â™¥ ğ™·ğšŠğš–ğš™ğšœğš‘ğš’ğš›ğš, ğš„ğ™º â™¥",replied_to,1503778049203920000,0
1505547474005630000,1450474084215710000,2022-03-20T14:11:04.000Z,"Absolute cheek of @EE emailing me for money while we're all sat here using our phone data an cant watch telly because it wont connect. What am I actually payin for ffs ğŸ¤¬ awaits the standard tweet asking for details so you can help, for the millionth time yet here we still are ğŸ™„ https://t.co/ohmAdfwyZM",GLou1878,GemLou1878,,Original_tweet,Null,-1
1505485591575770000,54745332,2022-03-20T10:05:10.000Z,"@VodafoneUK trying to add a data plan on my Apple Watch, went through the steps on one number, but itâ€™s stuck on thisâ€¦ ğŸ˜ https://t.co/BvJHH8nusB",DoggoneJay,Jay,"Leicester, UK",Original_tweet,Null,-1
1504395380586340000,563148431,2022-03-17T09:53:03.000Z,@bt_uk No it's both. The fibre to property isn't giving the 1gb it's supposed to and the voip phone is connected to the hub but states cannot make calls. Hub shows call options greyed out,WelliXL,WelliXL,"Surrey, England",replied_to,1504393729435710000,-1
1505112380480620000,970524464,2022-03-19T09:22:09.000Z,"@bt_uk So let me get this straight, I have unlimited broadband at massive cost which my phone now uses to call but I still have to pay for them calls?  But I can use Wi-Fi calling on my mobile as included in the package at no cost?",almacleod79,Al,,replied_to,1504531022599310000,0
1503768626633090000,18924867,2022-03-15T16:22:33.000Z,@bt_uk Thank you. When I placed the order I remember ticking the box to keep current number.,TomChap,Tom Chapman ğŸ’™ğŸ‡ªğŸ‡ºğŸ‡ºğŸ‡¦ğŸ’›,"Bath, UK",replied_to,1503765564430460000,0
1505571688179770000,19645453,2022-03-20T15:47:17.000Z,@VodafoneUK I'm so happy when I get a chance to look at the moment I am not sure if you have any questions,CyberMaxpower,//\477 ğŸ´ó §ó ¢ó ¥ó ®ó §ó ¿,"the universe milkyway galaxy ",replied_to,1505484294088640000,1
1503781167996330000,118750085,2022-03-15T17:12:24.000Z,"@mrpaulk Hi Paul. 

We tell customers clearly at the point of sale when, and how any price rise will be calculated by how much, we will increase their prices, whether thatâ€™s because theyâ€™re joining as a new customer or renewing their package with us, and be that on the (1) -Olivia",BT,BT,UK,replied_to,1503779734471290000,0
1504856321623040000,15223684,2022-03-18T16:24:40.000Z,"@EE It's all the spam HMRC calls. All from 07531 prefix numbers,  so I answer it thinking it's someone's mobile.",annaonthemoon,Rebecca J Lockley ğŸ˜· | ğŸ‘»ğŸ•¯ğŸ––ğŸ» ğŸ‡ªğŸ‡º,"Lincoln, UK",replied_to,1504830156258650000,-1
1503785797908050000,22173832,2022-03-15T17:30:47.000Z,@VodafoneUK #dreamholiday Iâ€™m going to become a pro skater in Australia ğŸ‡¦ğŸ‡ºğŸ˜‚,KatieVGingell,ğŸ’ƒğŸ» Katie Gingell ğŸ’ƒğŸ»,"Bristol, England",replied_to,1503778049203920000,1
1494760648932220000,7117212,2022-02-18T19:48:04.000Z,"@TimboKey amongst other key points, are called out.

All customers will receive a price rise notification informing them of the increases and what it means for them, from 31st Jan. (3/3) -Olivia",EE,EE,UK,replied_to,1494760599363940000,-1
1505575263307980000,616265884,2022-03-20T16:01:29.000Z,@EE https://t.co/8O7sX4nqAa,johnlbellblog,John  L Bell,,quoted,1505201761979610000,0
1503784710463450000,1494986771985310000,2022-03-15T17:26:28.000Z,"@hrw @bt_uk @EE @O2 @VodafoneUK @Verizon @TelekomSK @TMobilePolska @vodafonebuzz STOPP AMHARA GENOCIDE IN ETHIOPIA EVERY SINGEL DAY INNOCENT PEOPLES BEING KILLED BECAUSE OF THERE ETHNIC JUSTICE FOR INNOCENT AMHARA PEOPLES 
AMHARA LIFE MATTERS 
AMHARA LIFE MATTERS
TPLF ONEG IS TERRORIST GROUPS https://t.co/lfaqtm0qBU",SadeMustafa2,Sade Mustafa,,replied_to,1503764279488610000,-1
1504372515195470000,222779550,2022-03-17T08:22:12.000Z,Things you thought you'd never say: I've just had a very swift and helpful interaction with the customer service bods at @bt_uk. Fair play to them! https://t.co/gDmiP0nL9M,nickfshort,Nick Short ğŸ‡ºğŸ‡¦,"Bath, England",Original_tweet,Null,1
1504827390815520000,226314902,2022-03-18T14:29:42.000Z,@VodafoneUK I have never in all the 15 plus years with Vodafone experienced such bad customer service. I am appalled and rather angry. I have been a customer for a long time and you always give excellent customer service until today!,AviatressMiles,Aammanda,Europe,Original_tweet,Null,-1
1504386702168810000,390325144,2022-03-17T09:18:34.000Z,@VodafoneUK April in the Hawaii  - Fantastic #VeryMeRewards  #DreamHoliday,deanwilloughby,Dean Willoughby,,replied_to,1503778049203920000,1
1504568842923750000,251126481,2022-03-17T21:22:20.000Z,@bt_uk,drmick12345,Chris Allen,"Watford, East",Original_tweet,Null,0
1504823939721310000,53629586,2022-03-18T14:16:00.000Z,@EE Done!,steverichgeog,Stephen Richards,"Weymouth, England",replied_to,1504823240375640000,1
1503747036339970000,29091543,2022-03-15T14:56:46.000Z,@bt_uk No was just not coming up for 30 mins - seemed to have rectified now - a glitch in the system! Thanks Laura,Lovelivemusicuk,Sally J Freeman,London,replied_to,1503740565564930000,1
1503801061932420000,1370001108,2022-03-15T18:31:27.000Z,@VodafoneUK France to become a pro skater haha #VeryMeRewards,mummyandmex2,Jade Rice,uk,replied_to,1503778049203920000,-1
1504499912725180000,118750085,2022-03-17T16:48:26.000Z,@johnward1992 Sorry John if it's an afternoon slot it's anywhere between 1pm and 6pm for them to arrive. ^Dee,BT,BT,UK,replied_to,1504499625528600000,-1
1505828185535090000,352710204,2022-03-21T08:46:31.000Z,"@bt_uk prob end up having to do that good idea , not chatted with phone bot for awhile be nice to hear her voice again",itsmeitsmeandy,AM,Manchester,replied_to,1505826499789740000,0
1505831527090990000,940345362409279000,2022-03-21T08:59:47.000Z,"Exciting! @VodafoneUK will work alongside Emma Raducanu as an ambassador for 'Play Your Way to Wimbledonâ€™, working with the LTA to help inspire future tennis stars https://t.co/S3AN0b81Qn https://t.co/6khggmtk7G",barrientos_pena,Isabel Pena Barrientos ğŸ’™,"England, United Kingdom",Original_tweet,Null,0
1504803238016660000,7117212,2022-03-18T12:53:44.000Z,"@Paula_Griffin65 Also, your postcode has been posted publicly, for security you may want to remove this and send it over via DM. 2/2 - Rachel https://t.co/m14c5xhQi0",EE,EE,UK,replied_to,1504793576047270000,0
1505990147673840000,1094316509273470000,2022-03-21T19:30:05.000Z,"@bt_uk Fair enough Aideen. I appreciate the will on your part but Iâ€™ll leave it. With my job (NHS) I canâ€™t run the risk of not having full service connection. All the best, Charlie",CharlieKChats,Charlie,,replied_to,1505989078172450000,1
1505457819654500000,796765428,2022-03-20T08:14:48.000Z,@EE Do you think you could not raise my bill by almost 10% please?? As theres still many places i still donâ€™t get service therefore its not worth it oh an not to mention theres a cost of living crisis going on at the moment thanks EE!,RobBradbrook,RB | DRONE | MEDIA,"Essex,England",replied_to,1505454095230030000,-1
1504396816510560000,712524139,2022-03-17T09:58:46.000Z,"I cannot believe the shocking decline of customer service from @bt_uk 
Nearly a year of having their ""super fast fibre"" and its been slower and more unstable than the copper wiring. Add the ineptitude of the @WeAreOpenreach engineers, I can see why people use mobile broadband.",tonio_bonehead,Tony O'Rourke,Essex England,Original_tweet,Null,-1
1503723794829120000,20678384,2022-03-15T13:24:25.000Z,"@ladyvaio Hi Donna ğŸ‘‹ I'm sorry to hear that you've had issues with your new phone, I can only imagine how frustrating this must be ğŸ˜ If you've since sent the phone off for repair, our repair centre will work around the clock to get it fixed and retured to you ASAP. Ryan",Vodafone,Vodafone,UK,replied_to,1503721784541130000,0
1505976727532680000,733465814,2022-03-21T18:36:46.000Z,@helloimnicholas @O2 @EE https://t.co/4SA5P5ZuMn,TootinandBeepin,Adam Harvey ğŸ’™,United Kingdom,replied_to,1505963668340680000,0
1505845014584300000,1467972406467870000,2022-03-21T09:53:23.000Z,"@EE The redish/burgundy colour, s22 ultra and the 200 storage can't remember fully the storage number but the middle one, and Retford",Mufc__Jon,Jonny,W15,replied_to,1505844626548310000,-1
1504529867521540000,20678384,2022-03-17T18:47:27.000Z,"@MohamedMuraj Hey there! You can check for any problems via our Network Status Checker here: https://t.co/HxYb6JxM9M Simply pop in your postcode, select your frequency (3G/4G/5G) and then zoom out to check your expected coverage and any potential issues. Let us know how you get on. Danny K",Vodafone,Vodafone,UK,replied_to,1504529034922930000,0
1501914733548560000,20678384,2022-03-10T13:35:51.000Z,"@Kicia77 Hey Daria, hope you're well. This isn't how we want our customers feeling. We're wanting to turn this around for you. Please send us a private DM with a few more details of your query, and your full postcode so that we can investigate further ğŸ” Saf
https://t.co/zZC6gSR1Ak",Vodafone,Vodafone,UK,replied_to,1501911440202030000,-1
1505507663446270000,42200662,2022-03-20T11:32:52.000Z,@VodafoneUK Iâ€™m so happy when I have a look at the moment and I will look into the other day and get back to you on the beak of the course all next week too as I am currently working on the project so I will be back on Tuesday and Tuesday next week for the rest of the week and the rest,itsjasonwhite,â’¿â“Œ,London UK,replied_to,1505484294088640000,1
1505221115966330000,149274852,2022-03-19T16:34:14.000Z,@bt_uk what has happened to your customer service? My broadband is down due to a broken drop wire caused by @WeAreOpenreach engineer fixing a drooping drop wire next door. Appointment 15th no show. OK now 17th. No show. 18th no show! Sir defo 19th...16.30 now and guess what!!,largerbaloo,David Yardley,"Croydon, London",Original_tweet,Null,-1
1504157634416550000,1065627500775120000,2022-03-16T18:08:20.000Z,@10DowningStreetğŸ“¢@GOVUK censor-theres a D-Notice on my story-the journalist whose @NHSuk bloods are doctored #defamed then sectioned the day #RussiaReport published 21 July 2020-Tribunal #corrupted but released 3 Aug 2020 with reams of sadistic defamatory notes.@UN @BBCNews @CNN https://t.co/hgL0IOcNZV,SueChester7,Sue Chester ğŸ•Šï¸ğŸ•Šï¸ğŸ•Šï¸ğŸ•Šï¸ğŸ•Šï¸ğŸ•Šï¸ğŸ•Šï¸ğŸ•Šï¸ğŸ•Šï¸ğŸ•Šï¸ğŸ•Šï¸ğŸ•Šï¸,,quoted,1503702585252970000,-1
1505487584981660000,305628783,2022-03-20T10:13:05.000Z,@VodafoneUK Springtime walks with my gorgeous girl - her favourite pastime is waving to all the doggies ğŸ¶ https://t.co/HvL7MRsv8P,pinkprincesskap,ğŸ´ó §ó ¢ó ³ó £ó ´ó ¿ğŸ’– Kelly Paterson ğŸ’–ğŸ´ó §ó ¢ó ³ó £ó ´ó ¿,"Edinburgh, Scotland",replied_to,1498704627000230000,1
1506019098119250000,1500487483850730000,2022-03-21T21:25:08.000Z,@EE any reason Iâ€™m not getting any coverage on my phone? No bars since morning.,TJF_92,TJF,,Original_tweet,Null,-1
1503340989552940000,14336263,2022-03-14T12:03:17.000Z,"@VodafoneUK Trying different answers eventually elicits ""If youâ€™ve tried all of the above ... &lt;please speak to an adviser&gt;"" which links to a page - that then directs you back into the TOBi automated advisor

Hey @VodafoneUK, how the &lt;mildly_bad_word&gt; do I login to my vodafone account?",abs0,David Brownlee,"London, UK",replied_to,1503339517591410000,0
1503807861473780000,54234636,2022-03-15T18:58:28.000Z,@VodafoneUK Spain to feed the pigeons! Probably had worse holidays! ğŸ˜‚ #dreamholiday,lauislucky,LAURA DAVIES,UK,replied_to,1503778049203920000,-1
1504506507676860000,103928905,2022-03-17T17:14:38.000Z,"@bt_uk Apparently, I will receive a call tomorrow morning to see how the changeover has gone.",OO09ARB,Andy Bramley,England,replied_to,1504506154340260000,-1
1498726598937350000,1346747898525050000,2022-03-01T18:27:20.000Z,"@bt_uk wow. Great service. Nothing from you since the 21st Feb except a bill! 

This is your â€˜guaranteedâ€™ WiFi!!! 

#lies https://t.co/8WSf8LDO2c",someotherfella1,ToriesLie,"Dungannon, Northern Ireland",Original_tweet,Null,1
1504732021213570000,7117212,2022-03-18T08:10:45.000Z,"@KhanCatOfficial Hiya Khan :) How are you? I always want you to be getting the best connection as I know it's important. I can certainly take a look at this and find out what's going on. Can you pop me a DM with your postcode and mobile number, please? -Kelsey https://t.co/m14c5xhQi0",EE,EE,UK,replied_to,1504583842652430000,1
1505932359757190000,208860873,2022-03-21T15:40:28.000Z,"&amp; its hurting my head it's the strangest humming deep pressure on my head its causing me more head aches &amp; migraines that's causing the flashes in my sight , I have no where else to go it's all day &amp; night can't sleep got me daughter to care for &amp; I'm losing my mind",Clarty81,Clarity â™’ Truth sets us ğŸ†“,"England, United Kingdom",replied_to,1505932357420870000,-1
1504784122035780000,7117212,2022-03-18T11:37:46.000Z,"@SpaceEvie Thanks Evie, you too. And I hope you have a lovely weekend ğŸ˜Š -Bob",EE,EE,UK,replied_to,1504783094397740000,1
1503807482426430000,827646397,2022-03-15T18:56:57.000Z,@VodafoneUK Bungee from a 300ft crane in Australia #dreamholiday,kloubear88,Kirsty Lou,"Chesterfield, England",replied_to,1503778049203920000,0
1505922917183500000,109924051,2022-03-21T15:02:56.000Z,@EE Have done - thank you,Claytoncast,Paul Clayton.,"London, England",replied_to,1505898178436120000,1
1506019622625100000,1444661386626400000,2022-03-21T21:27:13.000Z,My broadband connection has been dropping having to restart my hub every other day now @EE not a happy bunny to be honest ğŸ™„ğŸ™„,Cinders12345678,âœ¨ğŸŒŸCinders ğŸŒŸâœ¨,,Original_tweet,Null,-1
1503829254450160000,443273310,2022-03-15T20:23:28.000Z,@VodafoneUK I'll be wresting ardvarks in Greece #DreamHoliday #verymerewards,Flufibunny,Flufibunny,Manchester,replied_to,1503778049203920000,0
1504075722796810000,356896236,2022-03-16T12:42:51.000Z,"What a morning at #TechIndustryGoldLive - thank you to our speakers from @bt_uk Amy Caton &amp; Matt Wallwork, Danny Manu @mymanuofficial @naomitimperley and of course our host TechSkills CEO @KellyNi52521935 

The afternoon see a workshop from @Capgemini and Tech Titans Competition https://t.co/PRTNOtOfWX",techskillsorg,TechSkills.org,"10 Saint Bride, London",Original_tweet,Null,1
1505922328554840000,317121765,2022-03-21T15:00:36.000Z,@EE Hello !!!!!!!!,Smooth2014,Lee Morley,London,Original_tweet,Null,1
1504164653060050000,20657457,2022-03-16T18:36:13.000Z,@VodafoneUK @O2 @ThreeUK @TMobile if I buy a contract today at say Â£40 a month will this rise by the rpi next month?,NouCampyFTW,Nou Campy FTW!,Dundee,Original_tweet,Null,0
1505969779680720000,357165279,2022-03-21T18:09:09.000Z,@StaceyGriffin @EE Never had problems with 3 ğŸ’ª,madebyclancy,Jack âš«âšª,,replied_to,1505869048965380000,1
1504876220198140000,118750085,2022-03-18T17:43:44.000Z,"@JPrest0 Sorry to hear that, are there any faults listed here for your area - https://t.co/MzA036xsMJ ^Dee",BT,BT,UK,replied_to,1504875089615110000,-1
1504776578441650000,578847558,2022-03-18T11:07:48.000Z,"@EE My DD has been taken and it appears that I've been charged Â£6.95 delivery due to completing the upgrade over the phone, I only called because the #MYEE System wouldn't allow it. charging me for your system errors seems very unfair!!",ItsJamesPowers,James ğŸ‡¬ğŸ‡§ ğŸ‡ºğŸ‡¦,Here and There,Original_tweet,Null,-1
1504895093182010000,1214933654557860000,2022-03-18T18:58:44.000Z,"@EE My issue here is with the clearly planned and acceptable inconvenience.

Have to ""claim"" the headphones that come with my phone... annoying... you send phones to the shops...send the headphones. 

Then activate an Esim via a clearly understaffed and useless call centre in Mumbai!",ScottPryde3,Scott Pryde,,replied_to,1504869193535140000,-1
1504894232640770000,802381212,2022-03-18T18:55:19.000Z,@FrimblesFarm @VodafoneUK 4G backup too?,engcountrylife,English Country Life,England,replied_to,1504890963650560000,0
1504510636881060000,1268872574093620000,2022-03-17T17:31:02.000Z,"@bt_uk Just popped me off hold to put me on hold again without talking for a second time. He hasnt returned back on the line. 

Why is it so difficult to get this sorted?",conal007,WarmConal007,Northern Ireland,replied_to,1504510317140890000,-1
1505289287994160000,234330157,2022-03-19T21:05:07.000Z,@EE I made a mistake in switching from @EE to @ThreeUK 3G/4G/5G is so unreliable!! will hopefully be able to switch back,warzski,Warren,Birmingham,replied_to,1496449800065200000,-1
1505485478581130000,1280020561654150000,2022-03-20T10:04:43.000Z,"@EE have a new plan which I thought had free Apple music, on my account it says data has soc??? Not working on the app",DanielM29708671,Dan Meredith,,Original_tweet,Null,0
1504783893383290000,120457256,2022-03-18T11:36:52.000Z,@EE Hi Chris its not just me its everyone since you put the price up by nearly 10%. Just imagine the kudos if EE said we have decided to cancel the increase this year as everyone has higher bills..,mng321,martyn,United Kingdom,replied_to,1504769135695350000,-1
1505518484331110000,7117212,2022-03-20T12:15:52.000Z,"@repd1975 Hi Robert, thanks for getting in touch. I hope you're well.  It can take up to 48 hours for that to become available once you've topped up. Has it been over that time yet? -CS",EE,EE,UK,replied_to,1505480865962510000,0
1504742900239950000,2404728442,2022-03-18T08:53:58.000Z,@bt_uk you are an absolute joke. Just upgraded my fibre to a better package with you and am being told I am unable to add a monthly pass for BT Sport to watch UFC London because of it. You are literally sending a new hub out! Absolutely appalling service!,aseddon9463,Andy Seddon,"North West, England",Original_tweet,Null,0
1504226997521760000,150823066,2022-03-16T22:43:58.000Z,"V&amp;M Tawroginski Property Maintenance &amp; DIY! ğŸ› ï¸ğŸ‘ŒğŸ ğŸš ğŸ™‚ #windsor
Property maintenance. ğŸ–Œï¸ğŸªœğŸ§°ğŸ§­
 Large and Small Projects! ğŸšğŸ› ï¸ #handymanservices #diy #propertymaintenance #propertyinvestment #propertyservices âœ… @vodafoneuk â˜ï¸ @renaultuk ğŸš #renaulttrafic @samsunguk ğŸ“± #s21plus https://t.co/89E5oDgFz9",Tawroginski,Michael Tawroginski,United Kingdom ğŸ‡¬ğŸ‡§,Original_tweet,Null,0
1504835296961220000,7117212,2022-03-18T15:01:07.000Z,"@Punkdude1981 Hi, Dan. I hope you are well today. I know you will be eager to get your new phone. If you pop me a DM with your full name and number I can see if there are any updates for you. - Sarahjane",EE,EE,UK,replied_to,1504832810431000000,0
1498717329911440000,7117212,2022-03-01T17:50:30.000Z,"Our monthly price has never been lower on the Samsung Galaxy Watch4. Plus, claim a Â£50 Google Play Voucher. Get yours now for only Â£16 per month, Â£0 upfront on a 4GB plan.",EE,EE,UK,Original_tweet,Null,1
1504791184039940000,1383928988440010000,2022-03-18T12:05:50.000Z,@EE I'm unable to top up my phone. Is there ongoing issue?,Jason_kjay,jay,"London, England",Original_tweet,Null,-1
1504152767555910000,20678384,2022-03-16T17:49:00.000Z,"Which of the new emojis are you?

Weâ€™re all about that glitter ball. https://t.co/YD18MId0H9",Vodafone,Vodafone,UK,Original_tweet,Null,0
1505163817285790000,1207730341508730000,2022-03-19T12:46:33.000Z,@bt_uk my mum has BT FTTP and her house has been destroyed in a fire. House will not be habitable from anything from 3 months to a year. Currently in temp accommodation. What can be done regarding the account?,adarrenbilivit,"Dazzlejeuse, Dazzlejeuse, Dazzlejeuse",,Original_tweet,Null,-1
1505211967702770000,1080072106841440000,2022-03-19T15:57:53.000Z,@EE rest pinball machines others like YouTube soundcloud Spotify avarify story saver and WOMBO donâ€™t use plus offroad outlaws I do those also rec Room have sort this Monday into story pay those rest April some those pinball machines pay those Monday rest April,ConjuredRundown,Andrew Farrugia,Edmonton Brighton,Original_tweet,Null,0
1496791394735770000,7117212,2022-02-24T10:17:32.000Z,"When it counts you can count on EE, weâ€™re more reliable in Leeds than O2 &amp; Three",EE,EE,UK,Original_tweet,Null,0
1505851110917120000,405778672,2022-03-21T10:17:36.000Z,"@EE still waiting for a response to my new phone delivery. Expected Friday. Sent to #coop and tampered with, opened in store with staff. Great can of #pepsi in its place. Still nothing from #ee just hours spent on phone. https://t.co/OLBq4i3zvq",Michellerodge,Chelley Beans,"Essex, UK",Original_tweet,Null,-1
1504511307768340000,2968265980,2022-03-17T17:33:42.000Z,@fkacass @bt_uk I honestly donâ€™t know. Itâ€™s madness.,FMDoop,Doop,doop@5starpotential.com,replied_to,1504510938963230000,-1
1503800113587790000,70211590,2022-03-15T18:27:40.000Z,@VodafoneUK # make friends with a beer ğŸº g,craigy2,Craig's,"Scotland, United Kingdom",replied_to,1503778049203920000,1
1504415214862840000,753397623118258000,2022-03-17T11:11:52.000Z,"Now30, nearly 40 mins on hold to @VodafoneUK trying to sort out a problem THEY caused and potentially leaving me without internet. 
Great service here guys! Wouldnâ€™t take nearly as long if I was wanting to purchase a service https://t.co/OovTr1whdM",uberbounty,uber,,replied_to,1504409607439020000,-1
1505960917246300000,168327303,2022-03-21T17:33:56.000Z,@helloimnicholas @Medic_Russell @O2 @EE https://t.co/96UPyLgLbs,DrIpFeed4,Keith Ip,"Scotland, United Kingdom",replied_to,1505947615413820000,0
1505523060484580000,70805270,2022-03-20T12:34:03.000Z,@VodafoneUK I'm so happy when I get a chance to share with you and your family and friends for a while to get the latest flash player is required for video playback is unavailable right now because this video is not available on this device is not available on this device is not available on,naughtyrob0t,Naughtyrobot,naughtyrobott@gmail.com,replied_to,1505484294088640000,-1
1505575406837060000,616265884,2022-03-20T16:02:03.000Z,@EE https://t.co/8O7sX4nqAa,johnlbellblog,John  L Bell,,quoted,1505201761979610000,0
1504726609777030000,244264886,2022-03-18T07:49:14.000Z,@bt_uk That seems to be my #btsport service endedâ€¦.so why am I charged up to 10th April? I understand if this is going to be refunded but seriously a company like #bt have a system like this?,Sloanaldo,Stephen Sloan,,replied_to,1503507360010200000,-1
1505181607040360000,118750085,2022-03-19T13:57:14.000Z,"@Darren6270 No, not for BT Sport as you don't have to register what devices can log in. ^LauraG",BT,BT,UK,replied_to,1505181246825050000,0
1504525153937630000,17961773,2022-03-17T18:28:44.000Z,"@bt_uk 
My housebound frail elderly mother's landline has not worked since 21st Feb. She relies on it as only means of communication &amp; for lifeline in case of fall. Despite many promises and missed deadlines I'm now told it will be fixed 4th April! Six weeks! Cont.",zenabee,Aspires to be Barbara but may actually be Margo,Chester,Original_tweet,Null,-1
1505904767335340000,18689388,2022-03-21T13:50:49.000Z,"@BrightKnight15 @Offcom @Number10press @VodafoneGroup @O2 @EE @ThreeUK Hi there, improving mobile coverage is a priority area for Ofcom. This work is ongoing and you can find further information regarding this in our proposed plan of work for 2022/2023 here: https://t.co/0OP0wziGkk",Ofcom,Ofcom,UK,replied_to,1505256111934480000,1
1504161335948550000,1045302334987720000,2022-03-16T18:23:03.000Z,@VodafoneUK Gotta be the low battery. We can sort that out in just 17 minutes,XiaomiUK,Xiaomi UK,United Kingdom,replied_to,1504152767555910000,1
1504056341421240000,815997949289304000,2022-03-16T11:25:50.000Z,"One week to go til #CreditSummit22. Come and meet the Flexys team on Stand No.1 and don't miss our panel discussions with @thameswater, @bt_uk, @DwrCymru and @oodlecarfinance.
https://t.co/533fKMnSXj https://t.co/Of5qTUoO3k",flexys_uk,Flexys,"Bristol, England",Original_tweet,Null,1
1504574896973690000,150823066,2022-03-17T21:46:23.000Z,"V&amp;M Tawroginski Property Maintenance ğŸ› ï¸ğŸ‘ŒğŸ ğŸš ğŸ™‚ğŸ–Œï¸ğŸªœğŸ§°ğŸ§­starting stone patio in Wraysbury
 Large and Small Projects! #handymanservices #propertymaintenance #propertyinvestment #propertyservices âœ… @vodafoneuk â˜ï¸ @renaultuk ğŸš #renaulttrafic @samsungukğŸ“±#s21plus https://t.co/DQI0dSO9fy",Tawroginski,Michael Tawroginski,United Kingdom ğŸ‡¬ğŸ‡§,Original_tweet,Null,0
1503451536957000000,20678384,2022-03-14T19:22:33.000Z,"@JCeoltaSmith As Mo previously mentioned, we would love to get your issue resolved. If you would like us to look into this for you over social media, please drop us a DM to with your name, number and query so we can help ğŸ™‚ Select 'Get Started' and 'Asked to DM' when you come through. Steph https://t.co/zZC6gSR1Ak",Vodafone,Vodafone,UK,replied_to,1503448980327440000,1
1504509550573020000,747670118,2022-03-17T17:26:43.000Z,Phone scammers on a prowl again #Shetland @bt_uk land-line scam.,LeedsInShetland,Si,"Vagr, Nordlige Ã˜er og Çªmstr",Original_tweet,Null,-1
1505196703774820000,118750085,2022-03-19T14:57:14.000Z,@BuffyIles I'm sorry that happened. The team dealing will get the new order placed and I'm sure they will be able to get it at the original price. They may need to wait for the order to complete to do this. ^Kevin,BT,BT,UK,replied_to,1505196159060650000,-1
1505655419418650000,118750085,2022-03-20T21:20:00.000Z,@BistoSkids Sorry to hear you`re having problems. Text FIX with your landline number &amp; Social Media username to 61998. This will automatically run tests on your line and if it doesnâ€™t fix your issue then we'll be in touch. (Texts are free unless you are on Virgin mobile). ^Sian- BT_UK Team,BT,BT,UK,replied_to,1505634192012550000,-1
1504790565455610000,74494561,2022-03-18T12:03:23.000Z,"Local â€œfreeâ€ WiFi *much* slower than @EE on #4G. Looking forward to #5G coming to #Harrogate town centre!
@Speedtest https://t.co/VxDZAt79J6",davidsilkstone,David Silkstone,"Harrogate, North Yorkshire. UK",Original_tweet,Null,-1
1505167206216310000,118750085,2022-03-19T13:00:01.000Z,"We're here to help, pop over a DM with any queries you may have!",BT,BT,UK,Original_tweet,Null,1
1503834373384250000,118750085,2022-03-15T20:43:49.000Z,"@rnevitt Hi Robert

Sorry to hear this. 

Can I ask for a little more info regarding this error code please?

Is it relating to BT Sports ? ^Anthony",BT,BT,UK,replied_to,1503827709331390000,1
1505500954296170000,228648524,2022-03-20T11:06:13.000Z,"@bt_uk
 hey, what are you doing? Have I been swapped onto the dodgy pair again? think I won't notice? Put me back on a pair that does what I pay you for!! (and don't offer to put me on mobile BB, this area is an EE black hole) #btbroadband #btispants https://t.co/qNLLygrFec",edwardsgwen,Gwen,"Bristol, England",Original_tweet,Null,-1
1505847816991790000,7117212,2022-03-21T10:04:31.000Z,"@ClareinDxb Hiya, Clare. I hope you've had a lovely weekend ğŸ˜Š

I'd love to help you get your voicemail set up. Just to check, if you text 'VM ON' to 150, what response do you get back? -Georgia",EE,EE,UK,replied_to,1505816787937550000,0
1505463258622350000,20678384,2022-03-20T08:36:25.000Z,"@ShaqLeBongo Hi, Depending on when you took your Airtime plan, this would determine what kinda roaming deal you have. This can be found by visiting ğŸ‘‰ https://t.co/bYI0EKLSFW. Richie",Vodafone,Vodafone,UK,replied_to,1505460299666800000,0
1505095476156290000,29815488,2022-03-19T08:14:59.000Z,Slightly sad that @EE wifi calling not available at Morrison's Coventry https://t.co/UaJqe5ssUo,NeilTrangmar,Neil Trangmar,Meriden (UK),Original_tweet,Null,-1
1505161915970030000,7117212,2022-03-19T12:38:59.000Z,"@great_teller EE do take such claims seriously Sharon, and have like all providers do, a police liaison to investigate this once it becomes a police investigation. -Ashleigh",EE,EE,UK,replied_to,1505160852613310000,-1
1504779429062590000,578847558,2022-03-18T11:19:07.000Z,@EE I have D'Med you per your request!!,ItsJamesPowers,James ğŸ‡¬ğŸ‡§ ğŸ‡ºğŸ‡¦,Here and There,replied_to,1504778878853790000,1
1504774103840050000,69805646,2022-03-18T10:57:58.000Z,"@EE No, I didn't expect to be needing proof.  I was upgrading my current line and adding a new phone to that",paulswift36,Paul Swift,Bransgore,replied_to,1504773609088240000,-1
1505336739711390000,243079375,2022-03-20T00:13:41.000Z,@Aztecross Got mine through @EE,THETIGERSOFHULL,Mark Thompson,"hull, uk",replied_to,1504901242946040000,0
1505879303627720000,1080072106841440000,2022-03-21T12:09:38.000Z,@EE payed half it wonâ€™t let me set up new card until rest due April no option set up card when tried,ConjuredRundown,Andrew Farrugia,Edmonton Brighton,Original_tweet,Null,-1
1505801381738950000,7117212,2022-03-21T07:00:00.000Z,"Who says Mondays have to be blue? There's a spring in our step, and we're here to help until 11pm.",EE,EE,UK,Original_tweet,Null,0
1505863131683330000,7930992,2022-03-21T11:05:22.000Z,Donâ€™t understand why I donâ€™t get a little red notification in the voicemail section of the phone app on my iPhone. Only notification is a text message that I have a voicemail. I get so few voicemails I think this is a spam text when I get it. @ee https://t.co/IAWLcZJqUf,iambrianjones,filter more streets,London,Original_tweet,Null,-1
1505484498514940000,915545056974602000,2022-03-20T10:00:49.000Z,@VodafoneUK Iâ€™m so happy when you are in your new house and you have to be safe driving me lol,emanjihani,Eman,"Scotland, United Kingdom",replied_to,1505484294088640000,1
1506027360444950000,1154850078319960000,2022-03-21T21:57:58.000Z,@tomallenstevens @Ruralpay @bt_uk ? Another one of your favourites too!,mays_farm,David Passmore,United Kingdom,replied_to,1506010450147870000,1
1504754228316850000,878335784486556000,2022-03-18T09:38:59.000Z,Thank you @EE for providing such a reliable and fast service. It has proved invaluable after I foolishly tried to switch to @CommunityFibre,cmtrimby,Christopher Trimby,,Original_tweet,Null,1
1505635835206640000,116451098,2022-03-20T20:02:11.000Z,"@VodafoneUK Iâ€™m so happy whenâ€¦ doughnuts come round my house to play xbox 

#InternationalDayOfHappiness https://t.co/R4e2GSj6zG",greigo_uk,Greg Spencer,"Leicester, England",replied_to,1505484294088640000,1
1501913261406450000,118750085,2022-03-10T13:30:00.000Z,"We're ready for your messages, we'll be delighted to help!",BT,BT,UK,Original_tweet,Null,1
1504875734577430000,7117212,2022-03-18T17:41:49.000Z,"@andhealey That would be correct, yeah. You'd still have access to the full unlimited data during that time though ğŸ˜Š -Craig",EE,EE,UK,replied_to,1504874833175360000,1
1505516246065940000,275970391,2022-03-20T12:06:58.000Z,"@VodafoneUK Iâ€™m so happy when I get home 

#InternationalDayOfHappiness",daisyhands_95,Daisy,,replied_to,1505484294088640000,1
1505215195282620000,100343470,2022-03-19T16:10:42.000Z,@EE Total waste of an afternoon and sat with a half working phone #poorcustomerservice #disappointed,jjsmeiman,Just JJ,LONDON,replied_to,1505135447986610000,-1
1505140989261980000,265502208,2022-03-19T11:15:50.000Z,Switched back over to @EE today. Oh how I have missed the speeds on your network!,insp2238,Nick Oliver,,Original_tweet,Null,-1
1505545745256090000,7117212,2022-03-20T14:04:12.000Z,@62Sauzee What department have you been trying to chat with? -Ashleigh,EE,EE,UK,replied_to,1505542845561810000,0
1504853652745420000,248681330,2022-03-18T16:14:04.000Z,@Insy812 @EE @Etsy Must ask others how they find service locally,bakedinbelfast,Suzanne," Enniskillen",replied_to,1504844742231740000,-1
1503990959071270000,40877460,2022-03-16T07:06:02.000Z,"@VodafoneUK #DreamHoliday Thailand - Get Lost in The Jungle ... I do hope I find my way to the beach though!!! This is awesome, thanks",Michieptak,Michelle Ptak  ğŸ’–  ğŸ’–,"Derby, England & London",replied_to,1503778049203920000,-1
1505542845561810000,3201019738,2022-03-20T13:52:40.000Z,@EE No unfortunately not,62Sauzee,Keyser Sauzee,,replied_to,1505542721796280000,-1
1504841077253100000,226314902,2022-03-18T15:24:06.000Z,"@VodafoneUK Just spoke to Louise and thereafter Brody Miles, and both were extremely good. Both gave excellent customer service and I want them both to be recognised for this. Those are the type of employees you want to have in your team! 10/10 for them both!",AviatressMiles,Aammanda,Europe,Original_tweet,Null,1
1505492044290090000,1252358608337110000,2022-03-20T10:30:48.000Z,"@EE Dear EE. 

I have purchased a roaming package on my phone (sent PM with number on FB). You have blocked my phone from using this. I have now complained 5 times using the web form, FB &amp; tweet. Can someone please please please please please please please please unblock my phone",Extrove86970608,Caged Extrovert,,replied_to,1503627055023360000,-1
1505217607066080000,1262864964072760000,2022-03-19T16:20:17.000Z,"@frenchantiq @mattfrei @EE Being famous has done it!

@EE have asked @mattfrei to send them a DM ASAP!
(couple of tweets above yours) 

It's nice to know that the blue tick works for some, hope you can get your complaint solved âœ…ğŸ‘ğŸ‘",2Ironside,ğŸ´ó §ó ¢ó ³ó £ó ´ó ¿ Sam no.2 ğŸ´ó §ó ¢ó ³ó £ó ´ó ¿,An Independent Scotland â¤ï¸,replied_to,1505212306040500000,1
1504914080582320000,118750085,2022-03-18T20:14:11.000Z,"@Bob__Hudson Not so good Bob, keep a check on the tracker and it'll keep you updated on the progress. Should the tracker show the fault as cleared and if you're still having bother restart your Hub, if still the same let us know. ^Dom",BT,BT,UK,replied_to,1504913623432540000,-1
1503805227765480000,2180432083,2022-03-15T18:48:00.000Z,"@VodafoneUK Yay!! Iâ€™m going down under to Australia ğŸ‡¦ğŸ‡º to feed the penguins ğŸ§ 
#DreamHoliday",kazweedon,ğŸ€ ğ’¦ğ’¶ğ“ ğŸ€,"â™¥ ğ™·ğšŠğš–ğš™ğšœğš‘ğš’ğš›ğš, ğš„ğ™º â™¥",replied_to,1503778049203920000,0
1504841915040150000,60612663,2022-03-18T15:27:25.000Z,"The key developments since news of consolidation talks between @ThreeUK and @VodafoneUK emerged in January. 
https://t.co/fvkGUIJIm9",TheBusinessMag,@TheBusinessMag,South East,Original_tweet,Null,0
1504748955544040000,1410358739329240000,2022-03-18T09:18:02.000Z,"@FMDoop @bt_uk You can come stream with me! I have a super long desk and a spare gaming laptop already set up, you can share the seat with me thoughâ€¦ ğŸ˜‰ğŸ˜‚ğŸ¤£",FMFO_OFFICIAL,FMFO Official,"Wales, United Kingdom",replied_to,1504510592203240000,1
1505996096769870000,21251449,2022-03-21T19:53:44.000Z,@martfin @bt_uk Fiber?,pheauteau,Gavin Wrigley,"Buntingford, East",replied_to,1505995244889810000,0
1505204788325190000,1219282345,2022-03-19T15:29:21.000Z,"@EE It would have been nice to have some notice. I didn't see that bit in the ts and cs, but I didn't read all the small print. If I don't pick another benifit I assume I just pay the premium for nothing.I can't even upgrade early,as my phone is classed as ""damaged"" so no benefits ğŸ˜",Loverofcrisps,crisp lover,,replied_to,1505108130866290000,-1
1505494808852410000,41996381,2022-03-20T10:41:47.000Z,"@VodafoneUK #InternationalDayOfHappiness #vodafonetreats
I'm so happy when I have a client who was a RA in a legal dept.",vivi74uk,Amanda Roe,UK,replied_to,1505484294088640000,1
1504094699195350000,118750085,2022-03-16T13:58:15.000Z,"@WesBez Hi there, any offers shown online must be accepted/placed online by yourself, as they may not be available to ourselves to order via phone.
Have you gone back in online and is the offer still showing? ^Janet",BT,BT,UK,replied_to,1504089984680270000,1
1505211531608400000,1080072106841440000,2022-03-19T15:56:09.000Z,@EE Iâ€™m coming Monday rang up about discussion had phone pay 200 this month rest April guy gave me 30 days from now do so sort out card NatWest due fraud should be there by then or Tuesday maybe Wednesday no later than sorry caused inconvenience tell you what apps need paying,ConjuredRundown,Andrew Farrugia,Edmonton Brighton,Original_tweet,Null,-1
1504897337906410000,145165897,2022-03-18T19:07:39.000Z,"Iâ€™m in a bar at the Roundhouse in Camden in central London. By a big window.

And Iâ€™m on 2G

Seriously @VodafoneUK ?

Maybe we should capitalise EDGEcomputing? https://t.co/ZFepD0XkdU",disruptivedean,Dean Bubley,"London, UK",Original_tweet,Null,0
1504881421466350000,1298891726371910000,2022-03-18T18:04:24.000Z,"@bt_uk 
I recieved a text re digital phone upgrade,it gives a number or link to request an adapter,the text is a premium number and the link goes to Skype??",Paul17351508,Paul,,Original_tweet,Null,0
1505901265087250000,184599077,2022-03-21T13:36:54.000Z,@bt_uk It would be up to her not me and Iâ€™m fairly sure sheâ€™s happy to just draw a line under it. Sheâ€™s got a better deal and doesnâ€™t feel disrespected any more.,JSomersetActor,James Somerset,Walton-on-Thames,replied_to,1505900921343120000,1
1505592900750650000,2815748087,2022-03-20T17:11:34.000Z,"@VodafoneUK Iâ€™m so happy whenâ€¦when I give to animal charities..makes me feel Good to help

#InternationalDayOfHappiness",nansclutter,nansclutter,,replied_to,1505484294088640000,1
1505220048939630000,126709474,2022-03-19T16:29:59.000Z,"Looking to see where I cut down monthly costs, figured maybe my @EE phone bill could be an area as a lot of other sim only plans are a cheaper, only to find out it'll cost me over Â£300 to get out a sim only contract ğŸ˜ Absolutely BS way to stongarm people into staying.",Dawsy16,Daws,,Original_tweet,Null,-1
1504895896726690000,20678384,2022-03-18T19:01:56.000Z,@SaraCollins1998 Hi there ğŸ‘‹ I'm sorry to see this has happened. can I help with anything? Trev,Vodafone,Vodafone,UK,replied_to,1504895444756930000,-1
1505812602923930000,91883269,2022-03-21T07:44:35.000Z,@VodafoneUK there seems to be an issue with the @grum offer on the #verymerewards all https://t.co/qxXTc9q0Kl,jemmajon,Jemma Jonathan,"Wales ",Original_tweet,Null,-1
1503497650544520000,105265772,2022-03-14T22:25:48.000Z,"@VodafoneUK I did that (like over an hour ago), so it would be great if you could have replied to it at least.",_Cr4zy,Scott,"England, United Kingdom",replied_to,1503475247265340000,-1
1503780257412830000,23767944,2022-03-15T17:08:46.000Z,@VodafoneUK France - get lost in the jungle #DreamHoliday,JEMMAMC86,JEMMA ğŸ’‹ Adicto al cafÃ© â˜•ï¸,God save the Queen ğŸ‡¬ğŸ‡§,replied_to,1503778049203920000,-1
1504031075831620000,1340539185430750000,2022-03-16T09:45:26.000Z,i'm about to make the best phone call to @bt_uk to cancel my btinternet ğŸ¥³ğŸ‰ğŸ¥³. @CommunityFibre is up and running and i can finally say goodbye to not so British Telecom... So excited this wonderful morning! ğŸ˜ https://t.co/EyAGGbDSaV,VizibleDarkness,ğŸ‡¯ğŸ‡² Fyew-jit-tiv ğŸ‡®ğŸ‡ª - INTJ,Divided Kingdom  (GB),Original_tweet,Null,1
1504161865609450000,1300413816493290000,2022-03-16T18:25:09.000Z,@XiaomiUK @VodafoneUK https://t.co/VOARwVIWJx,_AndroidAsh,ğŸ„°ğŸ…‚ğŸ„· ğŸ´ó §ó ¢ó ¥ó ®ó §ó ¿,ğŸ´ó §ó ¢ó ¥ó ®ó §ó ¿,replied_to,1504161335948550000,0
1505494660663410000,1097626764531160000,2022-03-20T10:41:12.000Z,@VodafoneUK I'm so happy when you are interested in the future please can you send me the details. #VodafoneTreats #InternationalDayOfHappiness,choudryhusain,Husain Choudry,"Leeds, England",replied_to,1505484294088640000,1
1506017059276480000,2349393221,2022-03-21T21:17:02.000Z,@EE @tngap69v4u @EE are robbing bastards. Highest increase dor me as well. Absolute knobs,Gsingh1981,G Singh D,"Manchester, England",replied_to,1505998577109250000,-1
1505149515489280000,78574078,2022-03-19T11:49:43.000Z,@EE AMAZING service from Ashley just now thank you #grateful,HEALERH,HAYLEY NEWTON,"LONDON AND ESSEX ",replied_to,1504778998596970000,1
1504384878548290000,1484735557,2022-03-17T09:11:19.000Z,"@VodafoneUK In Spain wrestling an aardvark
#VeryMeRewards #DreamHoliday",LeeNesbit,Lee Nesbit,UK,replied_to,1503778049203920000,0
1503828511555050000,118750085,2022-03-15T20:20:31.000Z,@rhys_RIS You can DM here Rhys ^Jules https://t.co/hBbj6tVEyH,BT,BT,UK,replied_to,1503824533421180000,0
1504860187856890000,7117212,2022-03-18T16:40:02.000Z,@annaonthemoon Did you keep hold of your existing number when you moved back to us or did you start fresh with a new number? -Bob,EE,EE,UK,replied_to,1504856321623040000,0
1504767212015560000,248599588,2022-03-18T10:30:35.000Z,@EE Done :),KhanCatOfficial,Khan,"my house, England",replied_to,1504732021213570000,1
1504782584215220000,769134102796698000,2022-03-18T11:31:40.000Z,"We're on a mission to treat our customers how they would want to be treated.

Usually, first thing we might do is grab pen and paper. That's okay. But there's more we can do to make people with hearing impairments more feel safer, more comfortable, and their experience better.",MarcAllera,Marc Allera,"London, England",replied_to,1504782580540970000,1
1504162001219730000,91518385,2022-03-16T18:25:41.000Z,@VodafoneUK The wheels man,aaaoy,â€¢â€¢ simpliRare â€¢â€¢,Glasgow,replied_to,1504152767555910000,0
1505482117874170000,2305545918,2022-03-20T09:51:22.000Z,@jamie_Gas_85 @virginmedia Just move to @bt_uk ğŸ¤·â€â™‚ï¸,DpawsonGas,DPawsonGas,"Leeds, England",replied_to,1505264815303970000,0
1504183510734620000,905478119431262000,2022-03-16T19:51:09.000Z,@bt_uk So your advert isnâ€™t true you canâ€™t watch as much sport as you want?,MuddMaurice,Maurice Mudd #GTTO #PR #FBPE,"North West, England",replied_to,1504183228978110000,-1
1504057389342990000,2219268181,2022-03-16T11:30:00.000Z,@VodafoneUK Apparently I'm skiing down a mountain in Dubai... I mean they do have that vr place.. #DreamHoliday. Better get over to #verymerewards to see what I can win!,EviL_Ras,EviL Ras,"London, England",replied_to,1503778049203920000,0
1504351829823350000,7117212,2022-03-17T07:00:00.000Z,Rise and shine itâ€™s tweeting timeÂ â˜º Weâ€™re here until 11pm to help.,EE,EE,UK,Original_tweet,Null,1
1504033331234710000,140501478,2022-03-16T09:54:24.000Z,@bt_uk loving my â€˜offer just for meâ€™ https://t.co/yhdNScED2d,andysaxton,Andy Saxton,North East,Original_tweet,Null,1
1505622316545360000,1505618349480450000,2022-03-20T19:08:28.000Z,@Amon41445235 @EE We usually offer this service to our customers but after a careful review of your profile we have decide to remove you from this service,02CUSTOMERHELP,02 Support,United Kingdom,replied_to,1505602150776410000,-1
1504826245640500000,589238182,2022-03-18T14:25:09.000Z,@ee I am mad as hell at you. I have been a customer since when you where Orange. You let me down. I spent Â£624 on a watch and between you and DPD you canâ€™t even get it delivered. Think Iâ€™ll give O2 a call.,RobClarke20,Rob Clarke,london,Original_tweet,Null,-1
1504435706369910000,907896430806827000,2022-03-17T12:33:18.000Z,"â€œThe pandemic has shown we can work together virtually, and give ourselves a better balance."" âš–

@VodafoneUK HR Director Clare Corkish caught up with @StylistMagazine to talk about workplace culture. ğŸ’¡

â¬‡ Here's what to look out for:
https://t.co/NLMFcABlUX",vodafoneuknews,Vodafone UK News Centre,United Kingdom,Original_tweet,Null,-1
1505665978855790000,1504503019383270000,2022-03-20T22:01:57.000Z,@SueChester7 @bt_uk @O2 @Skype @edwarddavey @ClarenceHouse @GOVUK @UN_HRC @UN Dm for quick recovery very recommendable,OswaldCox8,Oswald Cox,,replied_to,1504395925439000000,-1
1504007742222130000,22250787,2022-03-16T08:12:43.000Z,"@VodafoneUK Followed instructions, sent details only to be cycled round the SAME AUTOMATIC HELP THAT DID NOTHING THE FIRST TIME! ğŸ˜¡ğŸ˜¡ğŸ˜¡A person @VodafoneUK a real life, walking talking person is what I need to assist me, not an utterly useless Bot, ruining customer experience!",James_Clements,James Clements,England,Original_tweet,Null,-1
1504136841280250000,3475467441,2022-03-16T16:45:43.000Z,@AAllenSport @EE @bt_uk Oh no! Never go full Custis!,EatLoveRunPlay,BettyC,"near Chicago, IL, USA",replied_to,1504136464778550000,-1
1503747080954790000,1301491143792830000,2022-03-15T14:56:57.000Z,@bt_uk what exactly is the issue in TR20? Service out until midnight tomorrow? Seriously?,gimme_shelter20,A storm is threatening ğŸŒ¸ ğŸ©¸,UK,Original_tweet,Null,-1
1505486280871850000,909715107487371000,2022-03-20T10:07:54.000Z,"@VodafoneUK I'm so happy when you get on with your hair cut ğŸ’‡â€â™€ï¸ 
ğŸ˜‚ğŸ˜‚ğŸ˜‚ğŸ˜‚ 

#VodafoneTreats",Sophie_TheSloth,â™¥ğŸŒ¹SophieğŸŒ¹â™¥,United Kingdom,replied_to,1505484294088640000,1
1505212306040500000,999434117442867000,2022-03-19T15:59:13.000Z,"@mattfrei @EE EE, in my experience too, are a rip-off. And any complaints procedure they offer will ultimately prove a waste of time. I hope you have better luck than I did - maybe being famous will help?",frenchantiq,Le Tat C'est Moi,Ireland,replied_to,1505201761979610000,-1
1503844354422680000,118750085,2022-03-15T21:23:28.000Z,"@rnevitt Hi Robert sorry for the delay, Are you getting this error code whilst watching BT sports via the app? Also if you can DM us the account details. Thanks ^Mat",BT,BT,UK,replied_to,1503827709331390000,-1
1504912405415010000,392816406,2022-03-18T20:07:32.000Z,Imagine buying a Â£10 Roaming add on and not being able to call people the whole time youâ€™re abroadğŸ˜Š @EE,eyrambabyy,BROWNSUGA.,London gyal,Original_tweet,Null,0
1504206135385100000,141528263,2022-03-16T21:21:04.000Z,"@autumndazed @VodafoneUK Same here. So it is all of Milton Keynes? We can't even watch streaming TV services, and we are supposed to be on the 950mbps plan!",RealMattBright,Mat,Tweets are my own opinion only,replied_to,1504199065952830000,-1
1505545620651760000,928947142156317000,2022-03-20T14:03:42.000Z,Hey-o @EE @MarcAllera let today be great: start showing support &amp; enact a policy for customers affected by domestic abuse #CorporateAccountability #CorporateResponsibility #DoSomething #victimblaming #SurvivorShaming #MeTooÂ #CoerciveControl #FinancialAbuse #DomesticAbuse #Day1042,goodbooksLB,Lucie B,"London, England",Original_tweet,Null,0
1504227033810940000,150823066,2022-03-16T22:44:06.000Z,"V&amp;M Tawroginski Property Maintenance &amp; DIY! ğŸ› ï¸ğŸ‘ŒğŸ ğŸš ğŸ™‚ #windsor
Property maintenance. ğŸ–Œï¸ğŸªœğŸ§°ğŸ§­
 Large and Small Projects! ğŸšğŸ› ï¸ #handymanservices #diy #propertymaintenance #propertyinvestment #propertyservices âœ… @vodafoneuk â˜ï¸ @renaultuk ğŸš #renaulttrafic @samsunguk ğŸ“± #s21plus https://t.co/r9hLhCJR7v",Tawroginski,Michael Tawroginski,United Kingdom ğŸ‡¬ğŸ‡§,Original_tweet,Null,0
1505535227216680000,2305545918,2022-03-20T13:22:24.000Z,@jamie_Gas_85 @TheGasGeezer01 @virginmedia @bt_uk 4g dongle,DpawsonGas,DPawsonGas,"Leeds, England",replied_to,1505533029820810000,0
1505501563137240000,368256015,2022-03-20T11:08:38.000Z,@VodafoneUK F1 is on,WheelerAw,Andrew Wheeler,"ÃœT: 52.046677,-0.787004",replied_to,1505484294088640000,0
1504160847240830000,11940192,2022-03-16T18:21:06.000Z,"@bt_uk Thanks Dee, will do ğŸ˜Š Surprised it's still an issue after all these years!",wizpip,Phillip Parr,Bedford,replied_to,1504146520366590000,1
1505178637850620000,118750085,2022-03-19T13:45:26.000Z,"@MattKeena Hello Matt so sorry to see your post can you pop us over the full name, address and acc num on DM and we'll have a look at things for you ^Alannah",BT,BT,UK,replied_to,1505177586007220000,-1
1503474495797010000,141528263,2022-03-14T20:53:47.000Z,"@VodafoneUK we're only getting 38% of our 950mb download speed tonight &amp; only 14% of the upload speed. Looking around the internet, there are clearly issues with your service tonight, why not just make an announcement to let us all know when you'll have the service fully restored",RealMattBright,Mat,Tweets are my own opinion only,Original_tweet,Null,-1
1504861023899160000,1363436752720060000,2022-03-18T16:43:21.000Z,"@SimonBeale @EE @Mobilescouk @AffordableMob Can can confirm affordable mobiles only do them with Three, Vodafone and O2",ATOnRadio,AdamOnRadio,Studio,replied_to,1504860714711850000,-1
1504593422363070000,7117212,2022-03-17T23:00:00.000Z,"We're finished for the night. Youâ€™ve all been lovely! We'll see you 7am tomorrow. Need to change your personal details? Try My EE, which is available 24/7 https://t.co/7R4BhxY4OB",EE,EE,UK,Original_tweet,Null,-1
1503770913388520000,2512884539,2022-03-15T16:31:39.000Z,@bt_uk @WeAreOpenreach customer service is absolutely shocking. My 80 year old father has been without a line for a month now since moving. All he keeps getting told every two days is the issue is being escalated. How high does something have to be escalated to be resolved?? ğŸ¤¬ğŸ¤¬,Nick_Batts,Nick,,Original_tweet,Null,-1
1505845063066270000,1694526013,2022-03-21T09:53:34.000Z,"@bt_uk Is there an outage in Newbury at the moment, Iâ€™ve had no internet since 7.45",cookingsocks,Thegrimsbyreaper,,Original_tweet,Null,-1
1504525997420520000,20678384,2022-03-17T18:32:05.000Z,@lexnnehxyes Hey Leanne ğŸ‘‹ Could you please give me an idea of how I can help? ğŸ˜Š Harriet,Vodafone,Vodafone,UK,replied_to,1504518759440180000,1
1504075163666640000,3055758703,2022-03-16T12:40:38.000Z,@bt_uk excellent service via Twitter. Thank you.,peterday001,Peter Day,,Original_tweet,Null,1
1504768042550640000,1168837172776110000,2022-03-18T10:33:53.000Z,@bt_uk are absolutely useless.,B_PRICEY00,BethğŸ’,"Wales, United Kingdom",Original_tweet,Null,-1
1505158394499540000,1403751077548380000,2022-03-19T12:25:00.000Z,"@EE You got the number it belongs to your network you know who owns this number. The police will trace it and act on it accordingly , they should do, itâ€™s evil people and gang stalkers doing it. They will be caught and brought to justice, going on since May 2019 its next doors probs",great_teller,"Great British Storyteller, Sharon is my name ğŸ‘","South Wales, United Kingdom.",replied_to,1505153940991750000,-1
1504750012709980000,1504738483960790000,2022-03-18T09:22:14.000Z,"@EE I am less than a mile outside of Lincoln city centre and my signal is atrocious, why",Beth84310727,Beth,,Original_tweet,Null,-1
1504944398924190000,892005470080311000,2022-03-18T22:14:39.000Z,@EE Unhappy Friday. No service in NR21 since 09.30 this morning and still no service now â€¦.,darylatglia,Daryl Bowden,,replied_to,1504714218402190000,-1
1505908461195900000,1445093679446870000,2022-03-21T14:05:30.000Z,@connordoner @mattfrei @EE @kevinbacon Yes that is true thanks for pointing out the obvious...bt must have better customer service i think,Julie_annMurray,Julie-ann Murray,,replied_to,1505905081807520000,1
1504180273193360000,3165850031,2022-03-16T19:38:18.000Z,@VodafoneUK #dreamholiday Iâ€™ll be in Japan building a huge sandcastle ğŸ˜‚,andimh96,Andrea Horner,Yorkshire and The Humber,replied_to,1503778049203920000,0
1505587464349570000,383169990,2022-03-20T16:49:58.000Z,@VodafoneUK #InternationalDayOfHappiness Iâ€™m so happy when I go visit my baby girl at uni,jennifer_toal,Jennifer Toal,,replied_to,1505484294088640000,1
1506019930990610000,3670364841,2022-03-21T21:28:26.000Z,"@EE Thanks, but what about 3.9% on top of CPI ?",tngap69v4u,John Adrian Langley,Eagles by birth. Brentwood now,replied_to,1505998577109250000,1
1505799566465150000,58584101,2022-03-21T06:52:47.000Z,@VodafoneUK Fabulous trips to the beautiful New Forest with my 2 gorgeous girls xx https://t.co/aZilFZ4yFG,bambam1974,TheresaSmithUK,New Forest,replied_to,1498704627000230000,1
1506002984580360000,20678384,2022-03-21T20:21:06.000Z,"@BromleyCommuter @Ker_Anderson You're able to opt into updates Mark, please enter your Mobile Number on our Network Status Checker link ğŸ‘‡
https://t.co/JaH0XHfkbZ
When the issue has been resolved, you'll receive a text message. I hope this helps. Saf",Vodafone,Vodafone,UK,replied_to,1505994019851190000,0
1504323368820130000,30552442,2022-03-17T05:06:54.000Z,@VodafoneUK DM sent,nick_squad,Nick,"nottingham ",replied_to,1504320090770140000,0
1504877452883110000,1264987556724250000,2022-03-18T17:48:38.000Z,"@EE is there a reason as to why not a single ee page will load for me to top my phone up? My home WiFi is fine but no page will load, not even ee home page. Can we sort this please? 2 weeks and I still can't sort it.",Lilac_W0lf,Jasmine,English Riviera,Original_tweet,Null,-1
1496792365192860000,7117212,2022-02-24T10:21:23.000Z,"Hey Birmingham, choose the network thatâ€™s fastest in your city",EE,EE,UK,Original_tweet,Null,1
1504854967290580000,78790123,2022-03-18T16:19:17.000Z,@EE My prepaid SIM is having an auth error when trying to connect to the EE WiFi-Auto SSID in the underground. Have to activate in the store before use?,androidfung,Android Fung,"London, England",Original_tweet,Null,-1
1504565142893340000,219801791,2022-03-17T21:07:38.000Z,@bt_uk Yes so she reported the failure on the 1st. 3 working days after that you had to try and fix it. So sheâ€™s had 13 days without any service = Â£104.78. Is that not correct. Hopefully it will be fixed tomorrow and the fee wonâ€™t get bigger.,PaulStapletonPS,Paul Stapleton,,replied_to,1504542068097620000,-1
1505961881462270000,1094316509273470000,2022-03-21T17:37:46.000Z,Oh @bt_uk Iâ€™ve given you 4 chances to connect me as a customer switching from Virgin. Shouldâ€™ve been connected a month ago and order was placed weeks before that. Just sharing my experience for anyone else thinking of switching; BT arenâ€™t up to it and cheaper deals elsewhere too,CharlieKChats,Charlie,,Original_tweet,Null,-1
1503779734471290000,2340414133,2022-03-15T17:06:42.000Z,"@bt_uk You had nearly 2 years to fix it and didn't. Are you suggesting two years and one month is the right time and I am being unreasonable? If that's the case, colour me embarrassed. Imagine missing out on your excellent service by weeks.
#btcustomerservice #btbroadband",GABcomedy,G&B Comedy,"Arch One, E16 4BJ",replied_to,1503778593821840000,-1
1504813915062130000,3367359833,2022-03-18T13:36:10.000Z,@EE Wife got home to find all is well. Thanks for your assistance today.,221Sociopath,Steve,"London, Innit?",replied_to,1504744323077880000,1
1504789447971390000,3046055421,2022-03-18T11:58:56.000Z,@EE recently got a new phone on insurance as accidentally damaged step daughters and weâ€™ve been sent a iPhone 11 not 12? Can someone assist please asap ? Thanks,kellyrich1909,Kelly Richardson,"Worsley, England",Original_tweet,Null,1
1503814341769980000,1430495136904060000,2022-03-15T19:24:13.000Z,"@bt_uk That doesn't fix the problem that, when the internet goes down, I can't make landline calls. That was your decision, not mine.",AwokeRoseArisen,"Mya-Rose, exposed as freaky and outrageous",England,replied_to,1503481018807890000,-1
1503810538584880000,20678384,2022-03-15T19:09:06.000Z,"@rstorry Yes you can! ğŸ˜Š To add an Apple Watch connectivity plan to your current Vodafone plan, it's Â£7 or Â£3.50 with a 50% discount, if you have an Xtra plan with the discount included. You can add one to your account in the My Vodafone app. Con",Vodafone,Vodafone,UK,replied_to,1503808547498440000,1
1503448980327440000,4204665382,2022-03-14T19:12:24.000Z,"@alitwy @lesleymacniven @VodafoneUK @tescomobile Definitely and it takes our #energy as we have to listen and wait for the person to speak. Simple solutions:
Ask us do we want to listen to the music
Do we want a call back. Its not rocket science.",JCeoltaSmith,Dr Jenny Ceolta-Smith #OTs4Ukraine ğŸ‡ºğŸ‡¦ğŸ’™ğŸ’›,,replied_to,1503429303400370000,-1
1503467994407650000,21339870,2022-03-14T20:27:57.000Z,@VodafoneUK whatâ€™s going on with your Internet tonight? Itâ€™s so slow.,IamPaulGibson,Paul.i.am,"arreton, isle of wight",Original_tweet,Null,-1
1505511488580120000,118750085,2022-03-20T11:48:04.000Z,"@Cathrynmaginni1 Sorry to hear this Cathryn, Is this on a wired or wireless connection and have you reported a fault to us via-

Text HELP to 61998 (charges may apply at your standard rate).

https://t.co/OXhq1iB0S8 ^Ian @BT_UK Team",bt_uk,BT,United Kingdom,replied_to,1505510834751040000,-1
1504837502460380000,248681330,2022-03-18T15:09:53.000Z,My @EE broadband is so useless I have to use 4g to do my @Etsy listings,bakedinbelfast,Suzanne," Enniskillen",Original_tweet,Null,-1
1504900579449090000,74421183,2022-03-18T19:20:32.000Z,"@EE I am trying to return a product but the post office cannot scan the barcode to process, can someone please advise me on what I'm supposed to do as your instructions are very basic, and the post office has no clue either.",GennaLey,Genna Ley,oxfordshire,Original_tweet,Null,0
1505272326748840000,1215748987170570000,2022-03-19T19:57:43.000Z,@VodafoneUK #vodaphonetreats kingfisher times https://t.co/DkG9UOo4Kb,KatP1812,Kat Perkins,,replied_to,1498704627000230000,0
1504454360973070000,20678384,2022-03-17T13:47:25.000Z,"@leonie_wooster Hey Leonie ğŸ‘‹ If you would like to drop us a DM, we can take a look at any issue you might be having. When you send a DM, you'll be greeted by our BOT. Select 'Get Started' and 'Asked to DM' I'll take a further look into this. Kelly https://t.co/zZC6gSR1Ak",Vodafone,Vodafone,UK,replied_to,1504449448197380000,-1
1505153940991750000,7117212,2022-03-19T12:07:18.000Z,"@great_teller Hi Sharon. I do hope you're keeping well. You can of course report any such calls to the police, they will work with networks to investigate any abusive calls being made. -Ashleigh",EE,EE,UK,replied_to,1505102339056750000,1
1504902272727360000,20678384,2022-03-18T19:27:16.000Z,@disruptivedean Hi Dean ğŸ‘‹ Please check your postcode in our Network Status Checker here ğŸ‘‰ https://t.co/PboCGKkBnU for any potential issues. If there are no known problems then feel free to DM so we can go through some troubleshooting ğŸ”§ Thomas https://t.co/zZC6gSR1Ak,Vodafone,Vodafone,UK,replied_to,1504897337906410000,0
1504790565455610000,74494561,2022-03-18T12:03:23.000Z,"Local â€œfreeâ€ WiFi *much* slower than @EE on #4G. Looking forward to #5G coming to #Harrogate town centre!
@Speedtest https://t.co/VxDZAt79J6",davidsilkstone,David Silkstone,"Harrogate, North Yorkshire. UK",Original_tweet,Null,-1
1505286874922950000,2852087812,2022-03-19T20:55:32.000Z,"@EE no I canâ€™t, internet has dropped out yet again ğŸ˜©ğŸ˜©",lozmasterton65,Lorraine Masterton,just keep swimming,replied_to,1504955815073130000,-1
1506015452879010000,332773970,2022-03-21T21:10:39.000Z,"@VodafoneUK this is not working, no one is responding via DM and your online chat person has just hung up on her. We need help quickly, her other accounts have now been compromised and she needs her phone number back to recover them",JimmyOKeefe,JimboğŸš´ğŸ‘¨â€ğŸ‘©â€ğŸ‘§â€ğŸ‘¦ğŸ’¡,,replied_to,1506003556989560000,-1
1506042979492010000,7117212,2022-03-21T23:00:01.000Z,Thatâ€™s our team done for the evening. Weâ€™ll be back at 7am tomorrow. Want to pay a bill through the night? Head over to My EE https://t.co/bXUtaDKlCL,EE,EE,UK,Original_tweet,Null,0
1504793949000670000,2654065847,2022-03-18T12:16:49.000Z,@MarcAllera @EE @crazymike1988 :-) famous Mike,Potterovski,Potterovski,"Hull, England",replied_to,1504783210303140000,1
1505893584310260000,1505869214523230000,2022-03-21T13:06:23.000Z,@ee ã€€r18-20ã€ç”·å¥³ä¸å•ã€ #RTã—ãŸnrã•ã‚“ã§æ°—ã«ãªã£ãŸäººãŠè¿ãˆ https://t.co/Qom0Ogttzg,_c9ex,yutaï¼,,quoted,1505871878086600000,0
1504892317999720000,498808952,2022-03-18T18:47:42.000Z,@bt_uk @bt_uk have replied with details via PM thanks,GingerGenius78,David Heyes,"Suffolk ",replied_to,1503840538885250000,1
1505521806303710000,279201546,2022-03-20T12:29:04.000Z,@VodafoneUK When I actually get a signal!!,anthonyjpierce,Anthony Pierce,,replied_to,1505484294088640000,0
1506040472430690000,7117212,2022-03-21T22:50:04.000Z,@HandsCallum Don't forget you can also leave us a review here: https://t.co/04HlBoQHAt -Olivia,EE,EE,UK,replied_to,1505859968020410000,0
1503720680986220000,33471782,2022-03-15T13:12:02.000Z,Mother's Day is approaching ğŸ’ and all @VodafoneUK customers can grab a free card from @thortful with #VeryMeRewards through the My Vodafone app! https://t.co/rr9ZP9M6U1,AffordableMob,Affordable Mobiles,United Kingdom,quoted,1502177502743060000,1
1505595632387600000,796765428,2022-03-20T17:22:26.000Z,@michael_rudloff @EE You clearly have enough money to sponsor the BAFTAs and claim to be the biggest and best phone company you could use some of that money so you donâ€™t have to pass costs on to customers i think now is a bad time to increase prices by such a huge margin given the current climate.,RobBradbrook,RB | DRONE | MEDIA,"Essex,England",replied_to,1505543227117560000,0
1504805365745130000,486992182,2022-03-18T13:02:11.000Z,@VodafoneUK #DreamHoliday Thailand and haggle with locals ğŸ¤© #WIN #verymerewards https://t.co/i71duU2yRF,randominvester,wenmoon88.nft ğŸ¦ ğŸ± ğŸ± ğŸš€ ğŸŒ™,Mane Net,replied_to,1503778049203920000,0
1505519800348550000,249545535,2022-03-20T12:21:06.000Z,@VodafoneUK Iâ€™m so happy whenâ€¦ you are home safe!,ShandyMandys,Shandy Mandy,Dahn Sarf. UK,replied_to,1505484294088640000,1
1488246872586270000,7117212,2022-01-31T20:24:39.000Z,"Who would put their neck on the line to prove the power of a network? Brave and beautiful Tom Ellis, of course! Featuring a London Barber and Robot Arm. You just canâ€™t make this up.",EE,EE,UK,Original_tweet,Null,-1
1504085510419010000,20678384,2022-03-16T13:21:44.000Z,"@ladyvaio Before sending you a new device Donna, we'd always try to repair your current handset first. You can speed this process up by popping your handset into a local store. They'll check it over and get it sent off to the repair centre for you.
Mark",Vodafone,Vodafone,UK,replied_to,1504077950832070000,-1
1504540082946060000,118750085,2022-03-17T19:28:03.000Z,@TheGingerGuy22 Hello Kris so glad to see you are happy with the service you received. Let us know if you need anything further ^Alannah,BT,BT,UK,replied_to,1504539590769660000,1
1504057412432630000,356896236,2022-03-16T11:30:05.000Z,"Speaking now is Danny Manu @mymanuofficial at Tech Industry Gold Live @bt_uk 

From music production to global mobile audio brand.

#TechIndustryGoldLive #TIGLive @BTEarlyCareers @techUK https://t.co/g6w1XhlJrc",techskillsorg,TechSkills.org,"10 Saint Bride, London",Original_tweet,Null,0
1504040560935550000,222479693,2022-03-16T10:23:08.000Z,@ruby_melling @techskillsorg And what a view from the 17th floor of @bt_uk #techindustrygoldlive https://t.co/Z24y7ZeFAt,naomitimperley,Naomi Timperley FRSA,"Manchester, UK",replied_to,1504030892603410000,0
1504459063073070000,965501788832051000,2022-03-17T14:06:06.000Z,@VodafoneUK Thank you Davo,leonie_wooster,Leonie Wooster,United Kingdom,replied_to,1504457811983480000,1
1504843568518730000,7117212,2022-03-18T15:34:00.000Z,"@Punkdude1981 Ah right, I am pleased you have that to check. Sorry, you are right, I will not have any further information than that. We will get it to you as quickly as we can. - Sarahjane",EE,EE,UK,replied_to,1504841714594370000,-1
1505593579904900000,7117212,2022-03-20T17:14:16.000Z,"@KevinJolliffe Ah that makes perfect sense Kevin, the watch is great to have just attached to Bluetooth also :) It would need to be a call to the cancellation team, as our live chat agents can't submit the cancellation request I'm afraid. -Ashleigh",EE,EE,UK,replied_to,1505593100420460000,-1
1504879302134930000,118750085,2022-03-18T17:55:59.000Z,"@MarkblokeN Hi Mark, sorry for any confusion over this, I have marked on your account that you have returned the hub so there will be no charge. ^Paul",BT,BT,UK,replied_to,1504877448831330000,-1
1504802930263830000,201429867,2022-03-18T12:52:31.000Z,@EE put up a temporary mast so we see no loss of service then https://t.co/9fKNBnWJL5,Ryanhatestories,Ryan,,Original_tweet,Null,-1
1504000274305850000,1450004437699810000,2022-03-16T07:43:03.000Z,It's the weekly #Manutd falling apart chat show hosted by @bt_uk https://t.co/Ho4xgnmMK5,Lieutenantleft1,Liberal lieutenant,Everywhere at the moment,quoted,1503860358238420000,0
1504863240446170000,58567330,2022-03-18T16:52:10.000Z,"@EE every time I try text through Siri it fails to send, even though I have signal?",ChelseaaJadee_,Chelsea,West Yorkshire,Original_tweet,Null,-1
1504510592203240000,2968265980,2022-03-17T17:30:52.000Z,So at the moment my internet is getting cut off at midnight. But @bt_uk have done it in a way that my new provider canâ€™t take the line over. This means I will be without internet for the next 7-14 days. Anyone in the area have a spare room I can stream from for the next 2 weeks. https://t.co/iod6lDIiOm,FMDoop,Doop,doop@5starpotential.com,Original_tweet,Null,-1
1505587077303390000,246263425,2022-03-20T16:48:26.000Z,@Michael57690152 @EE Still waiting for mine from Feb 28th also ğŸ˜©ğŸ˜©,dillydolly86,K,,replied_to,1505474214240960000,-1
1506064940028900000,908993756875121000,2022-03-22T00:27:17.000Z,@EE Â£85ppm???? ğŸ¤£ğŸ¤£,smudga55,Paul Smith,,replied_to,1504760319490640000,0
1504803238016660000,7117212,2022-03-18T12:53:44.000Z,"@Paula_Griffin65 Also, your postcode has been posted publicly, for security you may want to remove this and send it over via DM. 2/2 - Rachel https://t.co/m14c5xhQi0",EE,EE,UK,replied_to,1504793576047270000,0
1504154571907730000,1065627500775120000,2022-03-16T17:56:10.000Z,My emails @bt_uk landline @O2 mob @Skype are #HACKED post stolen from ANY decent police solicitors journalists with legal help/national press campaign-Im #stalked daily-no friends unless #spycop minders @pritipatel push @ClarenceHouse STOP the sadistic @GOVUK #hacking @UN_HRC @UN https://t.co/cq2jogYvsu,SueChester7,Sue Chester ğŸ•Šï¸ğŸ•Šï¸ğŸ•Šï¸ğŸ•Šï¸ğŸ•Šï¸ğŸ•Šï¸ğŸ•Šï¸ğŸ•Šï¸ğŸ•Šï¸ğŸ•Šï¸ğŸ•Šï¸ğŸ•Šï¸,,replied_to,1504154357406780000,0
1505897078622460000,1470559836790300000,2022-03-21T13:20:16.000Z,"@wizzair @EE Â£31.50 and your operative was of no help whatsoever, plus no notification that the call was a premium call. @Ofcom is this acceptable? @ee has rescinded the cost somewhat by issuing a Â£20 credit however @wizzair this is completely out of order! Helplineâ€¦helping whom?",StuffnThingsEXL,Em,,replied_to,1505893308022860000,0
1505584349655320000,21189275,2022-03-20T16:37:36.000Z,@bt_uk hi. My Internet has been down for 3 days. Any idea when it might be fixed please? Also I assume Iâ€™ll get some money back through my bill? Ta,Barbs0,Chris Barber,London,Original_tweet,Null,-1
1505143814322800000,1337862046088640000,2022-03-19T11:27:04.000Z,"@EE Im okay, Iâ€™m not doing anything, I might go to a duck pond not sure yet :) how about you?",SpaceEvie,Evie,she/her,replied_to,1505137720506600000,-1
1504892886294360000,88394833,2022-03-18T18:49:58.000Z,@bt_uk How do I know if its a network fault or not?,WhozThatGirlttv,Jessicaa,,replied_to,1504892018589320000,0
1504829151429250000,1471195798209710000,2022-03-18T14:36:42.000Z,"@EE how wonderful EE is, taken money from my account, no phone arrived, called just sent around in circles, not being able to talk to anyone. There is another account due for renewal the way you have treated us, lied to us, there is fat chance of that rather use more code.",fallingstartime,Fallingstartime,"Scotland, United Kingdom",Original_tweet,Null,-1
1506011067914200000,1191339656,2022-03-21T20:53:13.000Z,@EE Hello I'm interested in an upgrade to an oppo x5 but says no plan available.,MR_FONZIE,Mr Fonzie,retired rugby union number 9 .,replied_to,1505801381738950000,-1
1503713003690250000,118750085,2022-03-15T12:41:32.000Z,"@GayleRighton Hi,

Thanks for the message and sorry to hear of this situation.
[;ease advise your BT account number / details and we will check the matter further.

Rgds ^Trevor",BT,BT,UK,replied_to,1503709662662860000,-1
1504826254352130000,1332597356,2022-03-18T14:25:12.000Z,@pipebrush @EE I haven't heard nothing off them at all. Did you get a message or anything before hand?,ItsLewisMorg,ğŸ³ï¸â€ğŸŒˆ Lewis Michael Morgan ğŸ³ï¸â€ğŸŒˆ,Republic of Wales,replied_to,1504824510771510000,0
1504102289946070000,819227461,2022-03-16T14:28:25.000Z,"There is no technical support if you buy a @bt_uk cordless phone and think there might be a fault with it. Their website help is only for broadband, mobiles etc. They attempt to help but answers provided turn out to be incorrect and based on no technical knowledge of the product.",_davidhansard,David Hansard,UK,Original_tweet,Null,-1
1504546150971590000,972973651007025000,2022-03-17T19:52:10.000Z,@bt_uk Still waiting to see if virgin media ever get back to me I've been waiting 3 days now,sheriene_hannah,Sheriene,United Kingdom,replied_to,1504545451466450000,-1
1505601511941980000,1416193285975070000,2022-03-20T17:45:47.000Z,@EE Yo this is great but I donâ€™t live in leeds,isobelrosa101,izzy,,replied_to,1496793421247390000,-1
1505575138611410000,616265884,2022-03-20T16:00:59.000Z,@EE https://t.co/8O7sX4nqAa,johnlbellblog,John  L Bell,,quoted,1505201761979610000,0
1505896662274820000,2644645745,2022-03-21T13:18:37.000Z,@benjaminjmiller @VodafoneUK Same in Aberdeen,g_wullie,Wullie G Grant,"Aberdeen, Scotland",replied_to,1505896186691140000,0
1504800409315120000,422591010,2022-03-18T12:42:30.000Z,@FMDoop @bt_uk Internet companies are so bad its unreal,stephenashmore,stephen ashmore,,replied_to,1504510592203240000,-1
1504803300759290000,111343722,2022-03-18T12:53:59.000Z,@iD_Mobile_UK @OPPOMobileUK @EE Looking forward to it Tom. Is there a way to submit my PAC in advance or not until I have the new SIM?,68Langers,Andrew ğŸŒ»ğŸ‡ºğŸ‡¦ğŸ’™ ğŸ‡ªğŸ‡º,Lapland,replied_to,1504794656873320000,0
1504785137476780000,7117212,2022-03-18T11:41:48.000Z,"BSL users can also contact us using a sign language interpreter through the Interpreters Live! service, available from 8am to midnight, 7 days a week. If an interpreter is not immediately available, you can hold or retry later.

Find out more here: https://t.co/Sf62O88Q25",EE,EE,UK,replied_to,1504785132145820000,-1
1504900026409050000,154239589,2022-03-18T19:18:20.000Z,@racingfront @MogP @EE @BBCNews Reckon he hit the wrong tweet at a guess ğŸ¤£,Crosby71,Lee ğŸ–¤ğŸ’›,"Liverpool, England",replied_to,1500863718489480000,0
1504834134102920000,351797545,2022-03-18T14:56:30.000Z,"@EE Thanks Rachel, will sort it out after work once we get the text.
Appreciate you getting back to be. Lynn",LynnMac28,Lynn Macfarlane,Scotland,replied_to,1504833007139570000,0
1504770475213400000,916491,2022-03-18T10:43:33.000Z,@EE  where's this months update for the pixel 6 pro please?,trooperbill,mark rushworth,uk,Original_tweet,Null,0
1503115551970940000,571341825,2022-03-13T21:07:28.000Z,Also why is every mobile network that offers decent priced unlimited data plans is @ThreeUKSupport which has the worst speeds on the market!! Donâ€™t get me started on @VodafoneUK s stupid service that has â€œspeed tiersâ€,RichieUK_TTV,Richie #SaveNeighbours,Pin Oak Court,Original_tweet,Null,-1
1504904205567420000,868129755731808000,2022-03-18T19:34:57.000Z,@disruptivedean @ianw1965 @VodafoneUK Sounds like they source their glazing from the same place as the FCDO. 45dB and up!,PAUL_M_RHODES,PAUL RHODES,,replied_to,1504902671429520000,0
1503723896461310000,1244653450656460000,2022-03-15T13:24:49.000Z,@bt_uk Still no internet since Sunday ğŸ˜¡,beni_branch,Benita Branch,,replied_to,1503717651746420000,-1
1504820526597890000,85365820,2022-03-18T14:02:26.000Z,"@EE I have travel data pass and roam further; and i am in Australia, but I can only get SOS on my service? The same happened in America a couple of months ago?",mattchandler95,-0,,Original_tweet,Null,-1
1505507827468680000,348528323,2022-03-20T11:33:31.000Z,@VodafoneUK Iâ€™m so happy when I receive a #VodafoneTreat #InternationalDayOfHappiness,DarrenBarnard1,DazRB1878,,replied_to,1505484294088640000,1
1505588613203040000,118750085,2022-03-20T16:54:32.000Z,@LizzieT67208271 Are there any faults listed here  https://t.co/MzA036xsMJ If not then follow the instructions below: ^Kevin,BT,BT,UK,replied_to,1505588069839290000,0
1504860601155260000,15223684,2022-03-18T16:41:40.000Z,"@EE Same number. I was an EE PAYG customer 2008-2011, then ported my number to O2, and ported it back a few weeks ago.",annaonthemoon,Rebecca J Lockley ğŸ˜· | ğŸ‘»ğŸ•¯ğŸ––ğŸ» ğŸ‡ªğŸ‡º,"Lincoln, UK",replied_to,1504860187856890000,0
1503768001484580000,19438405,2022-03-15T16:20:04.000Z,Had forgotten how irritating and useless @bt_uk can be â€¦on hold for 14 minutes so far.,catrinms,CATRIN M S DAVIES,"Cymru ",Original_tweet,Null,-1
1504232857115550000,17062849,2022-03-16T23:07:15.000Z,"@NoDPI @TideLineArt @PKPorthcurno @signalsmuseum @bt_uk Harsh, but fair",tomstandage,Tom Standage,London,replied_to,1504202477121510000,0
1505164740078810000,27238477,2022-03-19T12:50:13.000Z,@EE How long does it take for an upgrade order to show on my account. Ordered yesterday and still nothing,xXRandomTaskXx,Stewart McConnell,Glasgow,Original_tweet,Null,-1
1505489275709800000,1514329046,2022-03-20T10:19:48.000Z,@VodafoneUK Iâ€™m so happy when your here #vodafonetreats #InternationalDayOfHappiness ğŸ’•,missinflower,â­ï¸LittleOneâ­ï¸,"London, England",replied_to,1505484294088640000,1
1504376071701080000,48808584,2022-03-17T08:36:20.000Z,3/ @bt_uk and all the while youâ€™re trying to work without internet. Oh but you do get Â£20 compensation. And another Â£ 25 if youâ€™re lucky. End of consumer rant.,LiavanBekhoven,Lia van Bekhoven,Londen,Original_tweet,Null,0
1504859572078580000,20009086,2022-03-18T16:37:35.000Z,Our colleagues @bt_uk have a wealth of resources available to you and your family (for free) that will enable you to stay safe and get the very best experience while online at home #SkillsForTomorrow https://t.co/DcWZz3vXT6,btbusinesscare,BT Business Care,"Glasgow, Scotland",quoted,1504810350868420000,1
1504379972001140000,7117212,2022-03-17T08:51:50.000Z,"@Nat_lucks Hi Natalie, we want your travels to be trouble free, so I'm sorry to hear about this. Have you checked out our Roam Abroad add on, which is Â£10 per month https://t.co/SzfqKZwm1Z? -Rach",EE,EE,UK,replied_to,1504242340617090000,-1
1504793410867240000,118750085,2022-03-18T12:14:41.000Z,"@JadeyBex Got it, for validation please confirm the name that appears on this account and what relation you are to this person? PM this information. ğŸ˜€ ^Aideen",BT,BT,UK,replied_to,1504793046264780000,-1
1504762992667340000,1066358226,2022-03-18T10:13:49.000Z,"@EE Thanks Dua for excellent service with a smile yesterday at Solihull, Touchwood store.    Dealt understandingly with the needs of elderly customers.    Thank you!",sm1ffs,janice smith,,Original_tweet,Null,1
1504860224913560000,15223684,2022-03-18T16:40:11.000Z,@EE Ok thanks.,annaonthemoon,Rebecca J Lockley ğŸ˜· | ğŸ‘»ğŸ•¯ğŸ––ğŸ» ğŸ‡ªğŸ‡º,"Lincoln, UK",replied_to,1504860051718250000,1
1505642509602630000,1500175779744860000,2022-03-20T20:28:42.000Z,"@EE Yes, it's where I live.All the time.",PutinWanker,PutinIsAWanker ğŸ‡ºğŸ‡¦,,replied_to,1505632799663050000,1
1504882247756820000,24418897,2022-03-18T18:07:41.000Z,As if @EE just told me theyâ€™re raising prices by 9.3%â€¦ 9.3%! What use is a contract if there are price changes every March?,imdsm,Adam K Dean ğŸ‡¬ğŸ‡§ğŸ‡ºğŸ‡¦,United Kingdom,Original_tweet,Null,-1
1504840431267460000,3123480994,2022-03-18T15:21:32.000Z,"@EE Good afternoon, I hope you're well? I was just wondering if it is possible to do a trade-in deal and use my student discount on the same package as well? I am looking at the new S22+ and have a S20 to trade in but wanted to check before placing an order",zjc1993,Zak Chevin,"Leicester, England",Original_tweet,Null,-1
1505979496452830000,304898318,2022-03-21T18:47:46.000Z,"@EE My elderly mother switched to you a few months ago, she wasnt told of upcoming price increase. Also seems shes been sold a business plan with 60GB of Data. Shes a pensioner, cant afford an increase of almost ten pounds on an already too expensive bill. So predatory.",Hairy_Godfather,Hairy Godfather ğŸ§š,,Original_tweet,Null,-1
1503803893599420000,2344683315,2022-03-15T18:42:42.000Z,@VodafoneUK #dreamholiday Japan-become a pro ice skater!,Laceandloveshoe,Lace and Love shoes,UK,replied_to,1503778049203920000,0
1504183979112610000,37512310,2022-03-16T19:53:01.000Z,@XiaomiUK @VodafoneUK Patiently awaiting the pre-order for #Xiaomi12Series ! ğŸ˜ğŸ”¥,wickdaman,Richard Conway,"Suffolk, England",replied_to,1504161335948550000,0
1504770475213400000,916491,2022-03-18T10:43:33.000Z,@EE  where's this months update for the pixel 6 pro please?,trooperbill,mark rushworth,uk,Original_tweet,Null,0
1504824588617850000,18798177,2022-03-18T14:18:34.000Z,"@EE We do have a line, nobody can find where it ends up after it disappears into the wall by my front door",kerryjeanlister,KJL,"Hove, England",replied_to,1504786335353210000,0
1504370398288350000,135796212,2022-03-17T08:13:47.000Z,"@bt_uk It's hard for me to believe this as they have said this the last 3 times. About either fixing the same fault apparently or they couldn't get the work done as they didn't have time.

It's the same standard excuses time and time again.

How many times do I have to complain?",DeadmanIncLive,James Buchanan,"Chelmsford, United Kingdom",replied_to,1504369965184470000,-1
1505848254243790000,198751197,2022-03-21T10:06:15.000Z,"@tvlicensing @bt_uk @stwater @EON_SE_en Also sent you my full address from my housing association. Stop assigning postcodes, you are not the post office",BuffyIles,Buffy Iles,"Nottingham, England",replied_to,1505847930321880000,-1
1505144410215960000,7117212,2022-03-19T11:29:26.000Z,"@SpaceEvie Aww, that will be nice. The weather is behaving so far as well :) I'm working till 8pm, today and tomorrow so will be having my 'weekend' on Monday and Tuesday - Full of housework no doubt ğŸ¤£ -Ashleigh",EE,EE,UK,replied_to,1505143814322800000,-1
1505491726378700000,20678384,2022-03-20T10:29:32.000Z,"@Roxannabelle Hey Rox ğŸ‘‹ğŸ» To make sure that we're on the same page, are you currently an existing Vodafone customer? Jason",Vodafone,Vodafone,UK,replied_to,1505489785925870000,0
1504455924181780000,118750085,2022-03-17T13:53:38.000Z,@TomChap Is there anything else you need help with Tom? ^Dee,BT,BT,UK,replied_to,1503768626633090000,0
1505236190663950000,118750085,2022-03-19T17:34:08.000Z,"@LetsGoLudlow Hello, I'm so sorry to hear that happened. Is there someone looking into this? ^LauraG",BT,BT,UK,replied_to,1505233436197410000,0
1505150794273800000,118750085,2022-03-19T11:54:48.000Z,"@kylrav Kyle I'm very sorry to hear this, have you contacted us about this before? ^Jules",BT,BT,UK,replied_to,1505149308064130000,-1
1505831565448070000,3151648900,2022-03-21T08:59:56.000Z,Where can I get a returns bag @bt_uk I canâ€™t see any link on your website to order one? Having a clear out and found some old equipment. Thanks,SpecialK_chef,Chef,Hertfordshire,Original_tweet,Null,1
1504814282948680000,28801431,2022-03-18T13:37:37.000Z,@EE Thanks! ğŸ˜,SamWiseLGBT,Sam Wise ğŸ’™ğŸ³ï¸â€ğŸŒˆ,"North East, England",replied_to,1504811756278920000,1
,,,,,,,,,